{"cameraMode":{"drawMode":0,"name":"Shaded","section":"Shading Mode"},"sceneLighting":false,"audioPlay":false,"sceneViewState":{"m_AlwaysRefresh":false,"showFog":true,"showSkybox":false,"showFlares":true,"showImageEffects":true,"showParticleSystems":true,"showVisualEffectGraphs":true,"m_FxEnabled":true},"in2DMode":false,"pivot":{"x":-0.3565913736820221,"y":1.1861801147460938,"z":1.091004729270935},"rotation":{"x":-0.011158746667206288,"y":0.9009491801261902,"z":0.024253856390714647,"w":0.43325525522232058},"size":2.9737229347229006,"orthographic":false}