{"cameraMode":{"drawMode":0,"name":"Shaded","section":"Shading Mode"},"sceneLighting":false,"audioPlay":false,"sceneViewState":{"m_AlwaysRefresh":false,"showFog":true,"showSkybox":false,"showFlares":true,"showImageEffects":true,"showParticleSystems":true,"showVisualEffectGraphs":true,"m_FxEnabled":true},"in2DMode":false,"pivot":{"x":7.810173034667969,"y":7.868176460266113,"z":-7.549585342407227},"rotation":{"x":-0.0039644744247198109,"y":0.30874213576316836,"z":0.001364326337352395,"w":0.9510858058929443},"size":16.533662796020509,"orthographic":false}