{"cameraMode":{"drawMode":0,"name":"Shaded","section":"Shading Mode"},"sceneLighting":false,"audioPlay":false,"sceneViewState":{"m_AlwaysRefresh":false,"showFog":true,"showSkybox":false,"showFlares":true,"showImageEffects":true,"showParticleSystems":true,"showVisualEffectGraphs":true,"m_FxEnabled":true},"in2DMode":false,"pivot":{"x":0.09217572212219238,"y":-0.021581336855888368,"z":-0.39876678586006167},"rotation":{"x":-0.02992226369678974,"y":-0.9165173172950745,"z":0.06903167068958283,"w":-0.3929709494113922},"size":0.5881383419036865,"orthographic":false}