{"cameraMode":{"drawMode":0,"name":"Shaded","section":"Shading Mode"},"sceneLighting":false,"audioPlay":false,"sceneViewState":{"m_AlwaysRefresh":false,"showFog":true,"showSkybox":true,"showFlares":true,"showImageEffects":true,"showParticleSystems":true,"showVisualEffectGraphs":true,"m_FxEnabled":true},"in2DMode":false,"pivot":{"x":19.620769500732423,"y":-0.30147358775138857,"z":-6.23040246963501},"rotation":{"x":-0.014627184718847275,"y":-0.7102807760238648,"z":0.01501078438013792,"w":-0.7039781808853149},"size":10.854043006896973,"orthographic":false}