{"cameraMode":{"drawMode":0,"name":"Shaded","section":"Shading Mode"},"sceneLighting":false,"audioPlay":false,"sceneViewState":{"m_AlwaysRefresh":false,"showFog":true,"showSkybox":false,"showFlares":true,"showImageEffects":true,"showParticleSystems":true,"showVisualEffectGraphs":true,"m_FxEnabled":true},"in2DMode":false,"pivot":{"x":-7.544087886810303,"y":-0.17098790407180787,"z":-0.30934977531433108},"rotation":{"x":-0.04113240912556648,"y":0.892410159111023,"z":-0.08360398560762406,"w":-0.44162628054618838},"size":2.9231176376342775,"orthographic":false}