{"cameraMode":{"drawMode":0,"name":"Shaded","section":"Shading Mode"},"sceneLighting":false,"audioPlay":false,"sceneViewState":{"m_AlwaysRefresh":false,"showFog":true,"showSkybox":false,"showFlares":true,"showImageEffects":true,"showParticleSystems":true,"showVisualEffectGraphs":true,"m_FxEnabled":true},"in2DMode":false,"pivot":{"x":-2.7922329902648927,"y":0.8390547037124634,"z":-0.39566770195961},"rotation":{"x":0.011110924184322358,"y":-0.5819149017333984,"z":0.008196305483579636,"w":0.8131641745567322},"size":2.848207950592041,"orthographic":false}