{"cameraMode":{"drawMode":0,"name":"Shaded","section":"Shading Mode"},"sceneLighting":true,"audioPlay":false,"sceneViewState":{"m_AlwaysRefresh":false,"showFog":true,"showSkybox":false,"showFlares":true,"showImageEffects":true,"showParticleSystems":true,"showVisualEffectGraphs":true,"m_FxEnabled":true},"in2DMode":false,"pivot":{"x":16.897537231445314,"y":-5.989466190338135,"z":19.117839813232423},"rotation":{"x":0.11587217450141907,"y":0.3282131552696228,"z":-0.04036534205079079,"w":0.9366805553436279},"size":15.288030624389649,"orthographic":false}