{"cameraMode":{"drawMode":0,"name":"Shaded","section":"Shading Mode"},"sceneLighting":false,"audioPlay":false,"sceneViewState":{"m_AlwaysRefresh":false,"showFog":true,"showSkybox":false,"showFlares":true,"showImageEffects":true,"showParticleSystems":true,"showVisualEffectGraphs":true,"m_FxEnabled":true},"in2DMode":false,"pivot":{"x":-3.051668882369995,"y":0.31424811482429507,"z":-7.431439399719238},"rotation":{"x":0.036178868263959888,"y":-0.9480453729629517,"z":0.1175539568066597,"w":0.29345935583114626},"size":2.848207950592041,"orthographic":false}