{"cameraMode":{"drawMode":0,"name":"Shaded","section":"Shading Mode"},"sceneLighting":false,"audioPlay":false,"sceneViewState":{"m_AlwaysRefresh":false,"showFog":true,"showSkybox":false,"showFlares":true,"showImageEffects":true,"showParticleSystems":true,"showVisualEffectGraphs":true,"m_FxEnabled":true},"in2DMode":false,"pivot":{"x":0.8498347997665405,"y":0.7362490892410278,"z":-2.129246473312378},"rotation":{"x":0.008638785220682621,"y":0.9816697835922241,"z":-0.047519683837890628,"w":0.185969278216362},"size":2.867255210876465,"orthographic":false}