{"cameraMode":{"drawMode":0,"name":"Shaded","section":"Shading Mode"},"sceneLighting":false,"audioPlay":false,"sceneViewState":{"m_AlwaysRefresh":false,"showFog":true,"showSkybox":false,"showFlares":true,"showImageEffects":true,"showParticleSystems":true,"showVisualEffectGraphs":true,"m_FxEnabled":true},"in2DMode":false,"pivot":{"x":-7.4613847732543949,"y":0.04649963602423668,"z":3.261181354522705},"rotation":{"x":-0.11175814270973206,"y":0.11566497385501862,"z":-0.013533174991607666,"w":-0.9869663119316101},"size":2.9889702796936037,"orthographic":false}