{"cameraMode":{"drawMode":0,"name":"Shaded","section":"Shading Mode"},"sceneLighting":false,"audioPlay":false,"sceneViewState":{"m_AlwaysRefresh":false,"showFog":true,"showSkybox":false,"showFlares":true,"showImageEffects":true,"showParticleSystems":true,"showVisualEffectGraphs":true,"m_FxEnabled":true},"in2DMode":false,"pivot":{"x":1.8731073141098023,"y":-0.1976747214794159,"z":0.25366711616516116},"rotation":{"x":0.0485692173242569,"y":0.6815231442451477,"z":-0.045070212334394458,"w":0.7288479208946228},"size":3.0156476497650148,"orthographic":false}