{"cameraMode":{"drawMode":0,"name":"Shaded","section":"Shading Mode"},"sceneLighting":false,"audioPlay":false,"sceneViewState":{"m_AlwaysRefresh":false,"showFog":true,"showSkybox":false,"showFlares":true,"showImageEffects":true,"showParticleSystems":true,"showVisualEffectGraphs":true,"m_FxEnabled":true},"in2DMode":false,"pivot":{"x":-2.083587408065796,"y":1.216928482055664,"z":13.898577690124512},"rotation":{"x":0.04327086731791496,"y":-0.9549319744110107,"z":0.17708884179592133,"w":0.23467302322387696},"size":0.16626101732254029,"orthographic":false}